<?xml version="1.0" encoding="UTF-8"?>
<!DOCTYPE mapper PUBLIC "-//mybatis.org//DTD Mapper 3.0//EN" "http://mybatis.org/dtd/mybatis-3-mapper.dtd">
<mapper namespace="org.example.mapper.UserMapper">
  <resultMap id="BaseResultMap" type="org.example.model.User">
    <id column="id" jdbcType="INTEGER" property="id" />
    <result column="username" jdbcType="VARCHAR" property="username" />
    <result column="password" jdbcType="VARCHAR" property="password" />
    <result column="nickname" jdbcType="VARCHAR" property="nickname" />
    <result column="email" jdbcType="VARCHAR" property="email" />
    <result column="create_time" jdbcType="TIMESTAMP" property="createTime" />
  </resultMap>
  <sql id="Base_Column_List">
    id, username, password, nickname, email, create_time
  </sql>
  <select id="selectByPrimaryKey" parameterType="java.lang.Integer" resultMap="BaseResultMap">
    select 
    <include refid="Base_Column_List" />
    from user
    where id = #{id,jdbcType=INTEGER}
  </select>
  <delete id="deleteByPrimaryKey" parameterType="java.lang.Integer">
    delete from user
    where id = #{id,jdbcType=INTEGER}
  </delete>
  <insert id="insert" keyColumn="id" keyProperty="id" parameterType="org.example.model.User" useGeneratedKeys="true">
    insert into user (username, password, nickname, 
      email, create_time)
    values (#{username,jdbcType=VARCHAR}, #{password,jdbcType=VARCHAR}, #{nickname,jdbcType=VARCHAR}, 
      #{email,jdbcType=VARCHAR}, #{createTime,jdbcType=TIMESTAMP})
  </insert>
  <insert id="insertSelective" keyColumn="id" keyProperty="id" parameterType="org.example.model.User" useGeneratedKeys="true">
    insert into user
    <trim prefix="(" suffix=")" suffixOverrides=",">
      <if test="username != null">
        username,
      </if>
      <if test="password != null">
        password,
      </if>
      <if test="nickname != null">
        nickname,
      </if>
      <if test="email != null">
        email,
      </if>
      <if test="createTime != null">
        create_time,
      </if>
    </trim>
    <trim prefix="values (" suffix=")" suffixOverrides=",">
      <if test="username != null">
        #{username,jdbcType=VARCHAR},
      </if>
      <if test="password != null">
        #{password,jdbcType=VARCHAR},
      </if>
      <if test="nickname != null">
        #{nickname,jdbcType=VARCHAR},
      </if>
      <if test="email != null">
        #{email,jdbcType=VARCHAR},
      </if>
      <if test="createTime != null">
        #{createTime,jdbcType=TIMESTAMP},
      </if>
    </trim>
  </insert>
  <update id="updateByPrimaryKeySelective" parameterType="org.example.model.User">
    update user
    <set>
      <if test="username != null">
        username = #{username,jdbcType=VARCHAR},
      </if>
      <if test="password != null">
        password = #{password,jdbcType=VARCHAR},
      </if>
      <if test="nickname != null">
        nickname = #{nickname,jdbcType=VARCHAR},
      </if>
      <if test="email != null">
        email = #{email,jdbcType=VARCHAR},
      </if>
      <if test="createTime != null">
        create_time = #{createTime,jdbcType=TIMESTAMP},
      </if>
    </set>
    where id = #{id,jdbcType=INTEGER}
  </update>
  <update id="updateByPrimaryKey" parameterType="org.example.model.User">
    update user
    set username = #{username,jdbcType=VARCHAR},
      password = #{password,jdbcType=VARCHAR},
      nickname = #{nickname,jdbcType=VARCHAR},
      email = #{email,jdbcType=VARCHAR},
      create_time = #{createTime,jdbcType=TIMESTAMP}
    where id = #{id,jdbcType=INTEGER}
  </update>
  <select id="selectOne" parameterType="org.example.model.User" resultMap="BaseResultMap">
    select 
    <include refid="Base_Column_List" />
    from user
    <where>
      <if test="username != null">
        and username = #{username,jdbcType=VARCHAR}
      </if>
      <if test="password != null">
        and password = #{password,jdbcType=VARCHAR}
      </if>
      <if test="nickname != null">
        and nickname = #{nickname,jdbcType=VARCHAR}
      </if>
      <if test="email != null">
        and email = #{email,jdbcType=VARCHAR}
      </if>
      <if test="createTime != null">
        and create_time = #{createTime,jdbcType=TIMESTAMP}
      </if>
    </where>
  </select>
  <select id="selectAll" resultMap="BaseResultMap">
    select id, username, password, nickname, email, create_time
    from user
  </select>
  <select id="selectByCondition" parameterType="org.example.model.User" resultMap="BaseResultMap">
    select 
    <include refid="Base_Column_List" />
    from user
    <where>
      <if test="username != null">
        and username = #{username,jdbcType=VARCHAR}
      </if>
      <if test="password != null">
        and password = #{password,jdbcType=VARCHAR}
      </if>
      <if test="nickname != null">
        and nickname = #{nickname,jdbcType=VARCHAR}
      </if>
      <if test="email != null">
        and email = #{email,jdbcType=VARCHAR}
      </if>
      <if test="createTime != null">
        and create_time = #{createTime,jdbcType=TIMESTAMP}
      </if>
    </where>
  </select>
  <delete id="deleteByIds" parameterType="java.util.List">
    delete from user
      where id in
    <foreach close=")" collection="list" item="item" open="(" separator=",">
      #{item}
    </foreach>
  </delete>
</mapper>